ID,Name,Nexus_File,rooted,type,method,scaling,Source
summary,TREE1,summary.trees,true,summary,bayesian,change,Greenhill2015
posterior-1,STATE_17393000,posterior.trees,,sample,bayesian,change,Greenhill2015
posterior-2,STATE_25933000,posterior.trees,,sample,bayesian,change,Greenhill2015
posterior-3,STATE_23033000,posterior.trees,,sample,bayesian,change,Greenhill2015
posterior-4,STATE_20099000,posterior.trees,,sample,bayesian,change,Greenhill2015
posterior-5,STATE_15255000,posterior.trees,,sample,bayesian,change,Greenhill2015
posterior-6,STATE_16952000,posterior.trees,,sample,bayesian,change,Greenhill2015
posterior-7,STATE_12255000,posterior.trees,,sample,bayesian,change,Greenhill2015
posterior-8,STATE_16876000,posterior.trees,,sample,bayesian,change,Greenhill2015
posterior-9,STATE_18721000,posterior.trees,,sample,bayesian,change,Greenhill2015
posterior-10,STATE_23105000,posterior.trees,,sample,bayesian,change,Greenhill2015
posterior-11,STATE_22283000,posterior.trees,,sample,bayesian,change,Greenhill2015
posterior-12,STATE_29204000,posterior.trees,,sample,bayesian,change,Greenhill2015
posterior-13,STATE_21087000,posterior.trees,,sample,bayesian,change,Greenhill2015
posterior-14,STATE_12900000,posterior.trees,,sample,bayesian,change,Greenhill2015
posterior-15,STATE_12646000,posterior.trees,,sample,bayesian,change,Greenhill2015
posterior-16,STATE_16340000,posterior.trees,,sample,bayesian,change,Greenhill2015
posterior-17,STATE_13147000,posterior.trees,,sample,bayesian,change,Greenhill2015
posterior-18,STATE_16817000,posterior.trees,,sample,bayesian,change,Greenhill2015
posterior-19,STATE_14776000,posterior.trees,,sample,bayesian,change,Greenhill2015
posterior-20,STATE_29510000,posterior.trees,,sample,bayesian,change,Greenhill2015
posterior-21,STATE_26441000,posterior.trees,,sample,bayesian,change,Greenhill2015
posterior-22,STATE_24170000,posterior.trees,,sample,bayesian,change,Greenhill2015
posterior-23,STATE_18735000,posterior.trees,,sample,bayesian,change,Greenhill2015
posterior-24,STATE_20672000,posterior.trees,,sample,bayesian,change,Greenhill2015
posterior-25,STATE_14679000,posterior.trees,,sample,bayesian,change,Greenhill2015
posterior-26,STATE_29232000,posterior.trees,,sample,bayesian,change,Greenhill2015
posterior-27,STATE_26325000,posterior.trees,,sample,bayesian,change,Greenhill2015
posterior-28,STATE_24348000,posterior.trees,,sample,bayesian,change,Greenhill2015
posterior-29,STATE_11979000,posterior.trees,,sample,bayesian,change,Greenhill2015
posterior-30,STATE_10109000,posterior.trees,,sample,bayesian,change,Greenhill2015
posterior-31,STATE_16585000,posterior.trees,,sample,bayesian,change,Greenhill2015
posterior-32,STATE_16835000,posterior.trees,,sample,bayesian,change,Greenhill2015
posterior-33,STATE_25556000,posterior.trees,,sample,bayesian,change,Greenhill2015
posterior-34,STATE_26944000,posterior.trees,,sample,bayesian,change,Greenhill2015
posterior-35,STATE_18463000,posterior.trees,,sample,bayesian,change,Greenhill2015
posterior-36,STATE_16428000,posterior.trees,,sample,bayesian,change,Greenhill2015
posterior-37,STATE_21534000,posterior.trees,,sample,bayesian,change,Greenhill2015
posterior-38,STATE_23639000,posterior.trees,,sample,bayesian,change,Greenhill2015
posterior-39,STATE_23357000,posterior.trees,,sample,bayesian,change,Greenhill2015
posterior-40,STATE_23450000,posterior.trees,,sample,bayesian,change,Greenhill2015
posterior-41,STATE_28096000,posterior.trees,,sample,bayesian,change,Greenhill2015
posterior-42,STATE_28136000,posterior.trees,,sample,bayesian,change,Greenhill2015
posterior-43,STATE_16360000,posterior.trees,,sample,bayesian,change,Greenhill2015
posterior-44,STATE_21950000,posterior.trees,,sample,bayesian,change,Greenhill2015
posterior-45,STATE_18582000,posterior.trees,,sample,bayesian,change,Greenhill2015
posterior-46,STATE_27397000,posterior.trees,,sample,bayesian,change,Greenhill2015
posterior-47,STATE_18031000,posterior.trees,,sample,bayesian,change,Greenhill2015
posterior-48,STATE_11103000,posterior.trees,,sample,bayesian,change,Greenhill2015
posterior-49,STATE_26881000,posterior.trees,,sample,bayesian,change,Greenhill2015
posterior-50,STATE_12834000,posterior.trees,,sample,bayesian,change,Greenhill2015
posterior-51,STATE_16417000,posterior.trees,,sample,bayesian,change,Greenhill2015
posterior-52,STATE_17902000,posterior.trees,,sample,bayesian,change,Greenhill2015
posterior-53,STATE_19017000,posterior.trees,,sample,bayesian,change,Greenhill2015
posterior-54,STATE_21375000,posterior.trees,,sample,bayesian,change,Greenhill2015
posterior-55,STATE_23021000,posterior.trees,,sample,bayesian,change,Greenhill2015
posterior-56,STATE_12194000,posterior.trees,,sample,bayesian,change,Greenhill2015
posterior-57,STATE_19785000,posterior.trees,,sample,bayesian,change,Greenhill2015
posterior-58,STATE_27165000,posterior.trees,,sample,bayesian,change,Greenhill2015
posterior-59,STATE_15773000,posterior.trees,,sample,bayesian,change,Greenhill2015
posterior-60,STATE_15670000,posterior.trees,,sample,bayesian,change,Greenhill2015
posterior-61,STATE_18073000,posterior.trees,,sample,bayesian,change,Greenhill2015
posterior-62,STATE_20550000,posterior.trees,,sample,bayesian,change,Greenhill2015
posterior-63,STATE_29889000,posterior.trees,,sample,bayesian,change,Greenhill2015
posterior-64,STATE_13295000,posterior.trees,,sample,bayesian,change,Greenhill2015
posterior-65,STATE_12435000,posterior.trees,,sample,bayesian,change,Greenhill2015
posterior-66,STATE_10231000,posterior.trees,,sample,bayesian,change,Greenhill2015
posterior-67,STATE_29169000,posterior.trees,,sample,bayesian,change,Greenhill2015
posterior-68,STATE_28278000,posterior.trees,,sample,bayesian,change,Greenhill2015
posterior-69,STATE_14369000,posterior.trees,,sample,bayesian,change,Greenhill2015
posterior-70,STATE_22542000,posterior.trees,,sample,bayesian,change,Greenhill2015
posterior-71,STATE_22204000,posterior.trees,,sample,bayesian,change,Greenhill2015
posterior-72,STATE_28895000,posterior.trees,,sample,bayesian,change,Greenhill2015
posterior-73,STATE_27659000,posterior.trees,,sample,bayesian,change,Greenhill2015
posterior-74,STATE_20551000,posterior.trees,,sample,bayesian,change,Greenhill2015
posterior-75,STATE_16657000,posterior.trees,,sample,bayesian,change,Greenhill2015
posterior-76,STATE_15503000,posterior.trees,,sample,bayesian,change,Greenhill2015
posterior-77,STATE_21412000,posterior.trees,,sample,bayesian,change,Greenhill2015
posterior-78,STATE_13542000,posterior.trees,,sample,bayesian,change,Greenhill2015
posterior-79,STATE_27625000,posterior.trees,,sample,bayesian,change,Greenhill2015
posterior-80,STATE_22435000,posterior.trees,,sample,bayesian,change,Greenhill2015
posterior-81,STATE_10634000,posterior.trees,,sample,bayesian,change,Greenhill2015
posterior-82,STATE_29210000,posterior.trees,,sample,bayesian,change,Greenhill2015
posterior-83,STATE_26328000,posterior.trees,,sample,bayesian,change,Greenhill2015
posterior-84,STATE_18542000,posterior.trees,,sample,bayesian,change,Greenhill2015
posterior-85,STATE_10094000,posterior.trees,,sample,bayesian,change,Greenhill2015
posterior-86,STATE_14146000,posterior.trees,,sample,bayesian,change,Greenhill2015
posterior-87,STATE_13222000,posterior.trees,,sample,bayesian,change,Greenhill2015
posterior-88,STATE_17480000,posterior.trees,,sample,bayesian,change,Greenhill2015
posterior-89,STATE_18879000,posterior.trees,,sample,bayesian,change,Greenhill2015
posterior-90,STATE_25441000,posterior.trees,,sample,bayesian,change,Greenhill2015
posterior-91,STATE_21936000,posterior.trees,,sample,bayesian,change,Greenhill2015
posterior-92,STATE_17588000,posterior.trees,,sample,bayesian,change,Greenhill2015
posterior-93,STATE_26987000,posterior.trees,,sample,bayesian,change,Greenhill2015
posterior-94,STATE_11336000,posterior.trees,,sample,bayesian,change,Greenhill2015
posterior-95,STATE_22536000,posterior.trees,,sample,bayesian,change,Greenhill2015
posterior-96,STATE_16167000,posterior.trees,,sample,bayesian,change,Greenhill2015
posterior-97,STATE_10991000,posterior.trees,,sample,bayesian,change,Greenhill2015
posterior-98,STATE_17727000,posterior.trees,,sample,bayesian,change,Greenhill2015
posterior-99,STATE_12181000,posterior.trees,,sample,bayesian,change,Greenhill2015
posterior-100,STATE_15704000,posterior.trees,,sample,bayesian,change,Greenhill2015
posterior-101,STATE_21808000,posterior.trees,,sample,bayesian,change,Greenhill2015
posterior-102,STATE_10415000,posterior.trees,,sample,bayesian,change,Greenhill2015
posterior-103,STATE_27974000,posterior.trees,,sample,bayesian,change,Greenhill2015
posterior-104,STATE_20429000,posterior.trees,,sample,bayesian,change,Greenhill2015
posterior-105,STATE_21884000,posterior.trees,,sample,bayesian,change,Greenhill2015
posterior-106,STATE_19074000,posterior.trees,,sample,bayesian,change,Greenhill2015
posterior-107,STATE_16476000,posterior.trees,,sample,bayesian,change,Greenhill2015
posterior-108,STATE_12015000,posterior.trees,,sample,bayesian,change,Greenhill2015
posterior-109,STATE_26203000,posterior.trees,,sample,bayesian,change,Greenhill2015
posterior-110,STATE_23306000,posterior.trees,,sample,bayesian,change,Greenhill2015
posterior-111,STATE_21791000,posterior.trees,,sample,bayesian,change,Greenhill2015
posterior-112,STATE_11576000,posterior.trees,,sample,bayesian,change,Greenhill2015
posterior-113,STATE_12195000,posterior.trees,,sample,bayesian,change,Greenhill2015
posterior-114,STATE_13845000,posterior.trees,,sample,bayesian,change,Greenhill2015
posterior-115,STATE_23077000,posterior.trees,,sample,bayesian,change,Greenhill2015
posterior-116,STATE_18544000,posterior.trees,,sample,bayesian,change,Greenhill2015
posterior-117,STATE_21147000,posterior.trees,,sample,bayesian,change,Greenhill2015
posterior-118,STATE_22038000,posterior.trees,,sample,bayesian,change,Greenhill2015
posterior-119,STATE_27671000,posterior.trees,,sample,bayesian,change,Greenhill2015
posterior-120,STATE_26989000,posterior.trees,,sample,bayesian,change,Greenhill2015
posterior-121,STATE_10569000,posterior.trees,,sample,bayesian,change,Greenhill2015
posterior-122,STATE_13728000,posterior.trees,,sample,bayesian,change,Greenhill2015
posterior-123,STATE_10264000,posterior.trees,,sample,bayesian,change,Greenhill2015
posterior-124,STATE_13861000,posterior.trees,,sample,bayesian,change,Greenhill2015
posterior-125,STATE_20510000,posterior.trees,,sample,bayesian,change,Greenhill2015
posterior-126,STATE_28385000,posterior.trees,,sample,bayesian,change,Greenhill2015
posterior-127,STATE_17403000,posterior.trees,,sample,bayesian,change,Greenhill2015
posterior-128,STATE_12041000,posterior.trees,,sample,bayesian,change,Greenhill2015
posterior-129,STATE_18874000,posterior.trees,,sample,bayesian,change,Greenhill2015
posterior-130,STATE_16681000,posterior.trees,,sample,bayesian,change,Greenhill2015
posterior-131,STATE_12690000,posterior.trees,,sample,bayesian,change,Greenhill2015
posterior-132,STATE_21394000,posterior.trees,,sample,bayesian,change,Greenhill2015
posterior-133,STATE_12397000,posterior.trees,,sample,bayesian,change,Greenhill2015
posterior-134,STATE_21789000,posterior.trees,,sample,bayesian,change,Greenhill2015
posterior-135,STATE_24261000,posterior.trees,,sample,bayesian,change,Greenhill2015
posterior-136,STATE_23174000,posterior.trees,,sample,bayesian,change,Greenhill2015
posterior-137,STATE_29992000,posterior.trees,,sample,bayesian,change,Greenhill2015
posterior-138,STATE_20644000,posterior.trees,,sample,bayesian,change,Greenhill2015
posterior-139,STATE_15276000,posterior.trees,,sample,bayesian,change,Greenhill2015
posterior-140,STATE_26758000,posterior.trees,,sample,bayesian,change,Greenhill2015
posterior-141,STATE_21605000,posterior.trees,,sample,bayesian,change,Greenhill2015
posterior-142,STATE_28830000,posterior.trees,,sample,bayesian,change,Greenhill2015
posterior-143,STATE_25249000,posterior.trees,,sample,bayesian,change,Greenhill2015
posterior-144,STATE_18891000,posterior.trees,,sample,bayesian,change,Greenhill2015
posterior-145,STATE_29791000,posterior.trees,,sample,bayesian,change,Greenhill2015
posterior-146,STATE_15872000,posterior.trees,,sample,bayesian,change,Greenhill2015
posterior-147,STATE_10403000,posterior.trees,,sample,bayesian,change,Greenhill2015
posterior-148,STATE_16318000,posterior.trees,,sample,bayesian,change,Greenhill2015
posterior-149,STATE_24330000,posterior.trees,,sample,bayesian,change,Greenhill2015
posterior-150,STATE_22191000,posterior.trees,,sample,bayesian,change,Greenhill2015
posterior-151,STATE_13461000,posterior.trees,,sample,bayesian,change,Greenhill2015
posterior-152,STATE_27128000,posterior.trees,,sample,bayesian,change,Greenhill2015
posterior-153,STATE_22188000,posterior.trees,,sample,bayesian,change,Greenhill2015
posterior-154,STATE_21712000,posterior.trees,,sample,bayesian,change,Greenhill2015
posterior-155,STATE_28883000,posterior.trees,,sample,bayesian,change,Greenhill2015
posterior-156,STATE_20717000,posterior.trees,,sample,bayesian,change,Greenhill2015
posterior-157,STATE_22670000,posterior.trees,,sample,bayesian,change,Greenhill2015
posterior-158,STATE_13742000,posterior.trees,,sample,bayesian,change,Greenhill2015
posterior-159,STATE_18091000,posterior.trees,,sample,bayesian,change,Greenhill2015
posterior-160,STATE_20536000,posterior.trees,,sample,bayesian,change,Greenhill2015
posterior-161,STATE_27930000,posterior.trees,,sample,bayesian,change,Greenhill2015
posterior-162,STATE_25497000,posterior.trees,,sample,bayesian,change,Greenhill2015
posterior-163,STATE_16367000,posterior.trees,,sample,bayesian,change,Greenhill2015
posterior-164,STATE_25527000,posterior.trees,,sample,bayesian,change,Greenhill2015
posterior-165,STATE_10151000,posterior.trees,,sample,bayesian,change,Greenhill2015
posterior-166,STATE_18767000,posterior.trees,,sample,bayesian,change,Greenhill2015
posterior-167,STATE_20312000,posterior.trees,,sample,bayesian,change,Greenhill2015
posterior-168,STATE_19791000,posterior.trees,,sample,bayesian,change,Greenhill2015
posterior-169,STATE_28565000,posterior.trees,,sample,bayesian,change,Greenhill2015
posterior-170,STATE_15472000,posterior.trees,,sample,bayesian,change,Greenhill2015
posterior-171,STATE_15164000,posterior.trees,,sample,bayesian,change,Greenhill2015
posterior-172,STATE_23284000,posterior.trees,,sample,bayesian,change,Greenhill2015
posterior-173,STATE_28806000,posterior.trees,,sample,bayesian,change,Greenhill2015
posterior-174,STATE_11420000,posterior.trees,,sample,bayesian,change,Greenhill2015
posterior-175,STATE_27988000,posterior.trees,,sample,bayesian,change,Greenhill2015
posterior-176,STATE_18734000,posterior.trees,,sample,bayesian,change,Greenhill2015
posterior-177,STATE_28176000,posterior.trees,,sample,bayesian,change,Greenhill2015
posterior-178,STATE_27336000,posterior.trees,,sample,bayesian,change,Greenhill2015
posterior-179,STATE_22831000,posterior.trees,,sample,bayesian,change,Greenhill2015
posterior-180,STATE_18442000,posterior.trees,,sample,bayesian,change,Greenhill2015
posterior-181,STATE_13207000,posterior.trees,,sample,bayesian,change,Greenhill2015
posterior-182,STATE_22995000,posterior.trees,,sample,bayesian,change,Greenhill2015
posterior-183,STATE_10159000,posterior.trees,,sample,bayesian,change,Greenhill2015
posterior-184,STATE_28652000,posterior.trees,,sample,bayesian,change,Greenhill2015
posterior-185,STATE_28930000,posterior.trees,,sample,bayesian,change,Greenhill2015
posterior-186,STATE_27821000,posterior.trees,,sample,bayesian,change,Greenhill2015
posterior-187,STATE_27889000,posterior.trees,,sample,bayesian,change,Greenhill2015
posterior-188,STATE_20153000,posterior.trees,,sample,bayesian,change,Greenhill2015
posterior-189,STATE_18115000,posterior.trees,,sample,bayesian,change,Greenhill2015
posterior-190,STATE_20332000,posterior.trees,,sample,bayesian,change,Greenhill2015
posterior-191,STATE_23092000,posterior.trees,,sample,bayesian,change,Greenhill2015
posterior-192,STATE_27398000,posterior.trees,,sample,bayesian,change,Greenhill2015
posterior-193,STATE_13754000,posterior.trees,,sample,bayesian,change,Greenhill2015
posterior-194,STATE_12053000,posterior.trees,,sample,bayesian,change,Greenhill2015
posterior-195,STATE_12187000,posterior.trees,,sample,bayesian,change,Greenhill2015
posterior-196,STATE_16102000,posterior.trees,,sample,bayesian,change,Greenhill2015
posterior-197,STATE_23796000,posterior.trees,,sample,bayesian,change,Greenhill2015
posterior-198,STATE_28658000,posterior.trees,,sample,bayesian,change,Greenhill2015
posterior-199,STATE_27729000,posterior.trees,,sample,bayesian,change,Greenhill2015
posterior-200,STATE_17128000,posterior.trees,,sample,bayesian,change,Greenhill2015
posterior-201,STATE_23321000,posterior.trees,,sample,bayesian,change,Greenhill2015
posterior-202,STATE_17950000,posterior.trees,,sample,bayesian,change,Greenhill2015
posterior-203,STATE_18297000,posterior.trees,,sample,bayesian,change,Greenhill2015
posterior-204,STATE_11777000,posterior.trees,,sample,bayesian,change,Greenhill2015
posterior-205,STATE_23106000,posterior.trees,,sample,bayesian,change,Greenhill2015
posterior-206,STATE_20690000,posterior.trees,,sample,bayesian,change,Greenhill2015
posterior-207,STATE_29438000,posterior.trees,,sample,bayesian,change,Greenhill2015
posterior-208,STATE_14571000,posterior.trees,,sample,bayesian,change,Greenhill2015
posterior-209,STATE_15305000,posterior.trees,,sample,bayesian,change,Greenhill2015
posterior-210,STATE_14188000,posterior.trees,,sample,bayesian,change,Greenhill2015
posterior-211,STATE_14442000,posterior.trees,,sample,bayesian,change,Greenhill2015
posterior-212,STATE_23996000,posterior.trees,,sample,bayesian,change,Greenhill2015
posterior-213,STATE_20192000,posterior.trees,,sample,bayesian,change,Greenhill2015
posterior-214,STATE_22933000,posterior.trees,,sample,bayesian,change,Greenhill2015
posterior-215,STATE_10049000,posterior.trees,,sample,bayesian,change,Greenhill2015
posterior-216,STATE_16898000,posterior.trees,,sample,bayesian,change,Greenhill2015
posterior-217,STATE_11763000,posterior.trees,,sample,bayesian,change,Greenhill2015
posterior-218,STATE_11063000,posterior.trees,,sample,bayesian,change,Greenhill2015
posterior-219,STATE_10750000,posterior.trees,,sample,bayesian,change,Greenhill2015
posterior-220,STATE_19294000,posterior.trees,,sample,bayesian,change,Greenhill2015
posterior-221,STATE_10963000,posterior.trees,,sample,bayesian,change,Greenhill2015
posterior-222,STATE_16604000,posterior.trees,,sample,bayesian,change,Greenhill2015
posterior-223,STATE_22311000,posterior.trees,,sample,bayesian,change,Greenhill2015
posterior-224,STATE_12168000,posterior.trees,,sample,bayesian,change,Greenhill2015
posterior-225,STATE_26233000,posterior.trees,,sample,bayesian,change,Greenhill2015
posterior-226,STATE_23718000,posterior.trees,,sample,bayesian,change,Greenhill2015
posterior-227,STATE_27832000,posterior.trees,,sample,bayesian,change,Greenhill2015
posterior-228,STATE_13369000,posterior.trees,,sample,bayesian,change,Greenhill2015
posterior-229,STATE_25181000,posterior.trees,,sample,bayesian,change,Greenhill2015
posterior-230,STATE_19749000,posterior.trees,,sample,bayesian,change,Greenhill2015
posterior-231,STATE_23817000,posterior.trees,,sample,bayesian,change,Greenhill2015
posterior-232,STATE_24091000,posterior.trees,,sample,bayesian,change,Greenhill2015
posterior-233,STATE_10920000,posterior.trees,,sample,bayesian,change,Greenhill2015
posterior-234,STATE_26785000,posterior.trees,,sample,bayesian,change,Greenhill2015
posterior-235,STATE_22644000,posterior.trees,,sample,bayesian,change,Greenhill2015
posterior-236,STATE_28270000,posterior.trees,,sample,bayesian,change,Greenhill2015
posterior-237,STATE_11887000,posterior.trees,,sample,bayesian,change,Greenhill2015
posterior-238,STATE_19584000,posterior.trees,,sample,bayesian,change,Greenhill2015
posterior-239,STATE_11143000,posterior.trees,,sample,bayesian,change,Greenhill2015
posterior-240,STATE_18644000,posterior.trees,,sample,bayesian,change,Greenhill2015
posterior-241,STATE_13633000,posterior.trees,,sample,bayesian,change,Greenhill2015
posterior-242,STATE_23599000,posterior.trees,,sample,bayesian,change,Greenhill2015
posterior-243,STATE_24590000,posterior.trees,,sample,bayesian,change,Greenhill2015
posterior-244,STATE_26674000,posterior.trees,,sample,bayesian,change,Greenhill2015
posterior-245,STATE_21225000,posterior.trees,,sample,bayesian,change,Greenhill2015
posterior-246,STATE_26243000,posterior.trees,,sample,bayesian,change,Greenhill2015
posterior-247,STATE_20764000,posterior.trees,,sample,bayesian,change,Greenhill2015
posterior-248,STATE_24057000,posterior.trees,,sample,bayesian,change,Greenhill2015
posterior-249,STATE_24768000,posterior.trees,,sample,bayesian,change,Greenhill2015
posterior-250,STATE_10474000,posterior.trees,,sample,bayesian,change,Greenhill2015
posterior-251,STATE_12462000,posterior.trees,,sample,bayesian,change,Greenhill2015
posterior-252,STATE_10821000,posterior.trees,,sample,bayesian,change,Greenhill2015
posterior-253,STATE_18852000,posterior.trees,,sample,bayesian,change,Greenhill2015
posterior-254,STATE_11694000,posterior.trees,,sample,bayesian,change,Greenhill2015
posterior-255,STATE_26618000,posterior.trees,,sample,bayesian,change,Greenhill2015
posterior-256,STATE_18638000,posterior.trees,,sample,bayesian,change,Greenhill2015
posterior-257,STATE_10442000,posterior.trees,,sample,bayesian,change,Greenhill2015
posterior-258,STATE_13355000,posterior.trees,,sample,bayesian,change,Greenhill2015
posterior-259,STATE_12367000,posterior.trees,,sample,bayesian,change,Greenhill2015
posterior-260,STATE_14981000,posterior.trees,,sample,bayesian,change,Greenhill2015
posterior-261,STATE_25616000,posterior.trees,,sample,bayesian,change,Greenhill2015
posterior-262,STATE_15055000,posterior.trees,,sample,bayesian,change,Greenhill2015
posterior-263,STATE_29838000,posterior.trees,,sample,bayesian,change,Greenhill2015
posterior-264,STATE_12408000,posterior.trees,,sample,bayesian,change,Greenhill2015
posterior-265,STATE_12774000,posterior.trees,,sample,bayesian,change,Greenhill2015
posterior-266,STATE_17530000,posterior.trees,,sample,bayesian,change,Greenhill2015
posterior-267,STATE_14599000,posterior.trees,,sample,bayesian,change,Greenhill2015
posterior-268,STATE_18270000,posterior.trees,,sample,bayesian,change,Greenhill2015
posterior-269,STATE_20756000,posterior.trees,,sample,bayesian,change,Greenhill2015
posterior-270,STATE_18034000,posterior.trees,,sample,bayesian,change,Greenhill2015
posterior-271,STATE_26079000,posterior.trees,,sample,bayesian,change,Greenhill2015
posterior-272,STATE_25618000,posterior.trees,,sample,bayesian,change,Greenhill2015
posterior-273,STATE_13856000,posterior.trees,,sample,bayesian,change,Greenhill2015
posterior-274,STATE_10357000,posterior.trees,,sample,bayesian,change,Greenhill2015
posterior-275,STATE_25310000,posterior.trees,,sample,bayesian,change,Greenhill2015
posterior-276,STATE_23841000,posterior.trees,,sample,bayesian,change,Greenhill2015
posterior-277,STATE_13558000,posterior.trees,,sample,bayesian,change,Greenhill2015
posterior-278,STATE_25477000,posterior.trees,,sample,bayesian,change,Greenhill2015
posterior-279,STATE_24323000,posterior.trees,,sample,bayesian,change,Greenhill2015
posterior-280,STATE_12029000,posterior.trees,,sample,bayesian,change,Greenhill2015
posterior-281,STATE_24274000,posterior.trees,,sample,bayesian,change,Greenhill2015
posterior-282,STATE_28057000,posterior.trees,,sample,bayesian,change,Greenhill2015
posterior-283,STATE_23685000,posterior.trees,,sample,bayesian,change,Greenhill2015
posterior-284,STATE_10669000,posterior.trees,,sample,bayesian,change,Greenhill2015
posterior-285,STATE_17620000,posterior.trees,,sample,bayesian,change,Greenhill2015
posterior-286,STATE_19615000,posterior.trees,,sample,bayesian,change,Greenhill2015
posterior-287,STATE_28150000,posterior.trees,,sample,bayesian,change,Greenhill2015
posterior-288,STATE_13957000,posterior.trees,,sample,bayesian,change,Greenhill2015
posterior-289,STATE_24894000,posterior.trees,,sample,bayesian,change,Greenhill2015
posterior-290,STATE_20105000,posterior.trees,,sample,bayesian,change,Greenhill2015
posterior-291,STATE_16498000,posterior.trees,,sample,bayesian,change,Greenhill2015
posterior-292,STATE_24540000,posterior.trees,,sample,bayesian,change,Greenhill2015
posterior-293,STATE_20041000,posterior.trees,,sample,bayesian,change,Greenhill2015
posterior-294,STATE_26922000,posterior.trees,,sample,bayesian,change,Greenhill2015
posterior-295,STATE_21368000,posterior.trees,,sample,bayesian,change,Greenhill2015
posterior-296,STATE_10829000,posterior.trees,,sample,bayesian,change,Greenhill2015
posterior-297,STATE_22167000,posterior.trees,,sample,bayesian,change,Greenhill2015
posterior-298,STATE_11043000,posterior.trees,,sample,bayesian,change,Greenhill2015
posterior-299,STATE_12702000,posterior.trees,,sample,bayesian,change,Greenhill2015
posterior-300,STATE_23236000,posterior.trees,,sample,bayesian,change,Greenhill2015
posterior-301,STATE_23194000,posterior.trees,,sample,bayesian,change,Greenhill2015
posterior-302,STATE_21663000,posterior.trees,,sample,bayesian,change,Greenhill2015
posterior-303,STATE_16375000,posterior.trees,,sample,bayesian,change,Greenhill2015
posterior-304,STATE_29785000,posterior.trees,,sample,bayesian,change,Greenhill2015
posterior-305,STATE_14913000,posterior.trees,,sample,bayesian,change,Greenhill2015
posterior-306,STATE_19767000,posterior.trees,,sample,bayesian,change,Greenhill2015
posterior-307,STATE_18687000,posterior.trees,,sample,bayesian,change,Greenhill2015
posterior-308,STATE_27401000,posterior.trees,,sample,bayesian,change,Greenhill2015
posterior-309,STATE_22989000,posterior.trees,,sample,bayesian,change,Greenhill2015
posterior-310,STATE_25829000,posterior.trees,,sample,bayesian,change,Greenhill2015
posterior-311,STATE_16120000,posterior.trees,,sample,bayesian,change,Greenhill2015
posterior-312,STATE_14070000,posterior.trees,,sample,bayesian,change,Greenhill2015
posterior-313,STATE_24736000,posterior.trees,,sample,bayesian,change,Greenhill2015
posterior-314,STATE_20089000,posterior.trees,,sample,bayesian,change,Greenhill2015
posterior-315,STATE_25544000,posterior.trees,,sample,bayesian,change,Greenhill2015
posterior-316,STATE_13534000,posterior.trees,,sample,bayesian,change,Greenhill2015
posterior-317,STATE_10112000,posterior.trees,,sample,bayesian,change,Greenhill2015
posterior-318,STATE_27349000,posterior.trees,,sample,bayesian,change,Greenhill2015
posterior-319,STATE_14336000,posterior.trees,,sample,bayesian,change,Greenhill2015
posterior-320,STATE_27748000,posterior.trees,,sample,bayesian,change,Greenhill2015
posterior-321,STATE_28157000,posterior.trees,,sample,bayesian,change,Greenhill2015
posterior-322,STATE_26041000,posterior.trees,,sample,bayesian,change,Greenhill2015
posterior-323,STATE_11729000,posterior.trees,,sample,bayesian,change,Greenhill2015
posterior-324,STATE_10089000,posterior.trees,,sample,bayesian,change,Greenhill2015
posterior-325,STATE_29383000,posterior.trees,,sample,bayesian,change,Greenhill2015
posterior-326,STATE_17538000,posterior.trees,,sample,bayesian,change,Greenhill2015
posterior-327,STATE_11303000,posterior.trees,,sample,bayesian,change,Greenhill2015
posterior-328,STATE_11877000,posterior.trees,,sample,bayesian,change,Greenhill2015
posterior-329,STATE_17631000,posterior.trees,,sample,bayesian,change,Greenhill2015
posterior-330,STATE_11859000,posterior.trees,,sample,bayesian,change,Greenhill2015
posterior-331,STATE_25298000,posterior.trees,,sample,bayesian,change,Greenhill2015
posterior-332,STATE_19559000,posterior.trees,,sample,bayesian,change,Greenhill2015
posterior-333,STATE_17690000,posterior.trees,,sample,bayesian,change,Greenhill2015
posterior-334,STATE_13839000,posterior.trees,,sample,bayesian,change,Greenhill2015
posterior-335,STATE_16128000,posterior.trees,,sample,bayesian,change,Greenhill2015
posterior-336,STATE_23351000,posterior.trees,,sample,bayesian,change,Greenhill2015
posterior-337,STATE_15904000,posterior.trees,,sample,bayesian,change,Greenhill2015
posterior-338,STATE_26137000,posterior.trees,,sample,bayesian,change,Greenhill2015
posterior-339,STATE_28956000,posterior.trees,,sample,bayesian,change,Greenhill2015
posterior-340,STATE_14748000,posterior.trees,,sample,bayesian,change,Greenhill2015
posterior-341,STATE_19474000,posterior.trees,,sample,bayesian,change,Greenhill2015
posterior-342,STATE_28761000,posterior.trees,,sample,bayesian,change,Greenhill2015
posterior-343,STATE_21284000,posterior.trees,,sample,bayesian,change,Greenhill2015
posterior-344,STATE_13824000,posterior.trees,,sample,bayesian,change,Greenhill2015
posterior-345,STATE_22412000,posterior.trees,,sample,bayesian,change,Greenhill2015
posterior-346,STATE_24133000,posterior.trees,,sample,bayesian,change,Greenhill2015
posterior-347,STATE_12192000,posterior.trees,,sample,bayesian,change,Greenhill2015
posterior-348,STATE_25454000,posterior.trees,,sample,bayesian,change,Greenhill2015
posterior-349,STATE_19665000,posterior.trees,,sample,bayesian,change,Greenhill2015
posterior-350,STATE_29377000,posterior.trees,,sample,bayesian,change,Greenhill2015
posterior-351,STATE_22661000,posterior.trees,,sample,bayesian,change,Greenhill2015
posterior-352,STATE_18322000,posterior.trees,,sample,bayesian,change,Greenhill2015
posterior-353,STATE_27572000,posterior.trees,,sample,bayesian,change,Greenhill2015
posterior-354,STATE_27415000,posterior.trees,,sample,bayesian,change,Greenhill2015
posterior-355,STATE_17784000,posterior.trees,,sample,bayesian,change,Greenhill2015
posterior-356,STATE_17064000,posterior.trees,,sample,bayesian,change,Greenhill2015
posterior-357,STATE_24792000,posterior.trees,,sample,bayesian,change,Greenhill2015
posterior-358,STATE_16903000,posterior.trees,,sample,bayesian,change,Greenhill2015
posterior-359,STATE_18664000,posterior.trees,,sample,bayesian,change,Greenhill2015
posterior-360,STATE_29118000,posterior.trees,,sample,bayesian,change,Greenhill2015
posterior-361,STATE_15912000,posterior.trees,,sample,bayesian,change,Greenhill2015
posterior-362,STATE_29820000,posterior.trees,,sample,bayesian,change,Greenhill2015
posterior-363,STATE_26367000,posterior.trees,,sample,bayesian,change,Greenhill2015
posterior-364,STATE_26224000,posterior.trees,,sample,bayesian,change,Greenhill2015
posterior-365,STATE_22135000,posterior.trees,,sample,bayesian,change,Greenhill2015
posterior-366,STATE_18604000,posterior.trees,,sample,bayesian,change,Greenhill2015
posterior-367,STATE_17110000,posterior.trees,,sample,bayesian,change,Greenhill2015
posterior-368,STATE_21340000,posterior.trees,,sample,bayesian,change,Greenhill2015
posterior-369,STATE_13509000,posterior.trees,,sample,bayesian,change,Greenhill2015
posterior-370,STATE_19576000,posterior.trees,,sample,bayesian,change,Greenhill2015
posterior-371,STATE_13833000,posterior.trees,,sample,bayesian,change,Greenhill2015
posterior-372,STATE_21771000,posterior.trees,,sample,bayesian,change,Greenhill2015
posterior-373,STATE_16420000,posterior.trees,,sample,bayesian,change,Greenhill2015
posterior-374,STATE_25728000,posterior.trees,,sample,bayesian,change,Greenhill2015
posterior-375,STATE_21957000,posterior.trees,,sample,bayesian,change,Greenhill2015
posterior-376,STATE_14626000,posterior.trees,,sample,bayesian,change,Greenhill2015
posterior-377,STATE_16753000,posterior.trees,,sample,bayesian,change,Greenhill2015
posterior-378,STATE_19680000,posterior.trees,,sample,bayesian,change,Greenhill2015
posterior-379,STATE_25921000,posterior.trees,,sample,bayesian,change,Greenhill2015
posterior-380,STATE_13779000,posterior.trees,,sample,bayesian,change,Greenhill2015
posterior-381,STATE_17441000,posterior.trees,,sample,bayesian,change,Greenhill2015
posterior-382,STATE_25792000,posterior.trees,,sample,bayesian,change,Greenhill2015
posterior-383,STATE_19367000,posterior.trees,,sample,bayesian,change,Greenhill2015
posterior-384,STATE_19808000,posterior.trees,,sample,bayesian,change,Greenhill2015
posterior-385,STATE_22339000,posterior.trees,,sample,bayesian,change,Greenhill2015
posterior-386,STATE_23032000,posterior.trees,,sample,bayesian,change,Greenhill2015
posterior-387,STATE_25738000,posterior.trees,,sample,bayesian,change,Greenhill2015
posterior-388,STATE_16162000,posterior.trees,,sample,bayesian,change,Greenhill2015
posterior-389,STATE_20976000,posterior.trees,,sample,bayesian,change,Greenhill2015
posterior-390,STATE_19717000,posterior.trees,,sample,bayesian,change,Greenhill2015
posterior-391,STATE_14836000,posterior.trees,,sample,bayesian,change,Greenhill2015
posterior-392,STATE_24214000,posterior.trees,,sample,bayesian,change,Greenhill2015
posterior-393,STATE_28530000,posterior.trees,,sample,bayesian,change,Greenhill2015
posterior-394,STATE_16304000,posterior.trees,,sample,bayesian,change,Greenhill2015
posterior-395,STATE_20364000,posterior.trees,,sample,bayesian,change,Greenhill2015
posterior-396,STATE_19970000,posterior.trees,,sample,bayesian,change,Greenhill2015
posterior-397,STATE_26064000,posterior.trees,,sample,bayesian,change,Greenhill2015
posterior-398,STATE_13988000,posterior.trees,,sample,bayesian,change,Greenhill2015
posterior-399,STATE_19332000,posterior.trees,,sample,bayesian,change,Greenhill2015
posterior-400,STATE_29849000,posterior.trees,,sample,bayesian,change,Greenhill2015
posterior-401,STATE_11109000,posterior.trees,,sample,bayesian,change,Greenhill2015
posterior-402,STATE_25336000,posterior.trees,,sample,bayesian,change,Greenhill2015
posterior-403,STATE_11882000,posterior.trees,,sample,bayesian,change,Greenhill2015
posterior-404,STATE_28628000,posterior.trees,,sample,bayesian,change,Greenhill2015
posterior-405,STATE_16492000,posterior.trees,,sample,bayesian,change,Greenhill2015
posterior-406,STATE_17981000,posterior.trees,,sample,bayesian,change,Greenhill2015
posterior-407,STATE_23213000,posterior.trees,,sample,bayesian,change,Greenhill2015
posterior-408,STATE_19080000,posterior.trees,,sample,bayesian,change,Greenhill2015
posterior-409,STATE_15560000,posterior.trees,,sample,bayesian,change,Greenhill2015
posterior-410,STATE_26492000,posterior.trees,,sample,bayesian,change,Greenhill2015
posterior-411,STATE_29252000,posterior.trees,,sample,bayesian,change,Greenhill2015
posterior-412,STATE_21947000,posterior.trees,,sample,bayesian,change,Greenhill2015
posterior-413,STATE_13024000,posterior.trees,,sample,bayesian,change,Greenhill2015
posterior-414,STATE_12624000,posterior.trees,,sample,bayesian,change,Greenhill2015
posterior-415,STATE_14097000,posterior.trees,,sample,bayesian,change,Greenhill2015
posterior-416,STATE_11817000,posterior.trees,,sample,bayesian,change,Greenhill2015
posterior-417,STATE_12783000,posterior.trees,,sample,bayesian,change,Greenhill2015
posterior-418,STATE_28006000,posterior.trees,,sample,bayesian,change,Greenhill2015
posterior-419,STATE_22324000,posterior.trees,,sample,bayesian,change,Greenhill2015
posterior-420,STATE_29221000,posterior.trees,,sample,bayesian,change,Greenhill2015
posterior-421,STATE_19015000,posterior.trees,,sample,bayesian,change,Greenhill2015
posterior-422,STATE_14295000,posterior.trees,,sample,bayesian,change,Greenhill2015
posterior-423,STATE_21786000,posterior.trees,,sample,bayesian,change,Greenhill2015
posterior-424,STATE_21572000,posterior.trees,,sample,bayesian,change,Greenhill2015
posterior-425,STATE_10771000,posterior.trees,,sample,bayesian,change,Greenhill2015
posterior-426,STATE_15792000,posterior.trees,,sample,bayesian,change,Greenhill2015
posterior-427,STATE_11016000,posterior.trees,,sample,bayesian,change,Greenhill2015
posterior-428,STATE_25862000,posterior.trees,,sample,bayesian,change,Greenhill2015
posterior-429,STATE_19675000,posterior.trees,,sample,bayesian,change,Greenhill2015
posterior-430,STATE_27611000,posterior.trees,,sample,bayesian,change,Greenhill2015
posterior-431,STATE_15873000,posterior.trees,,sample,bayesian,change,Greenhill2015
posterior-432,STATE_27812000,posterior.trees,,sample,bayesian,change,Greenhill2015
posterior-433,STATE_15432000,posterior.trees,,sample,bayesian,change,Greenhill2015
posterior-434,STATE_13261000,posterior.trees,,sample,bayesian,change,Greenhill2015
posterior-435,STATE_24766000,posterior.trees,,sample,bayesian,change,Greenhill2015
posterior-436,STATE_14933000,posterior.trees,,sample,bayesian,change,Greenhill2015
posterior-437,STATE_29787000,posterior.trees,,sample,bayesian,change,Greenhill2015
posterior-438,STATE_12904000,posterior.trees,,sample,bayesian,change,Greenhill2015
posterior-439,STATE_28858000,posterior.trees,,sample,bayesian,change,Greenhill2015
posterior-440,STATE_20494000,posterior.trees,,sample,bayesian,change,Greenhill2015
posterior-441,STATE_20022000,posterior.trees,,sample,bayesian,change,Greenhill2015
posterior-442,STATE_19896000,posterior.trees,,sample,bayesian,change,Greenhill2015
posterior-443,STATE_11295000,posterior.trees,,sample,bayesian,change,Greenhill2015
posterior-444,STATE_20045000,posterior.trees,,sample,bayesian,change,Greenhill2015
posterior-445,STATE_13539000,posterior.trees,,sample,bayesian,change,Greenhill2015
posterior-446,STATE_17960000,posterior.trees,,sample,bayesian,change,Greenhill2015
posterior-447,STATE_25938000,posterior.trees,,sample,bayesian,change,Greenhill2015
posterior-448,STATE_16943000,posterior.trees,,sample,bayesian,change,Greenhill2015
posterior-449,STATE_29179000,posterior.trees,,sample,bayesian,change,Greenhill2015
posterior-450,STATE_28386000,posterior.trees,,sample,bayesian,change,Greenhill2015
posterior-451,STATE_16230000,posterior.trees,,sample,bayesian,change,Greenhill2015
posterior-452,STATE_26544000,posterior.trees,,sample,bayesian,change,Greenhill2015
posterior-453,STATE_24521000,posterior.trees,,sample,bayesian,change,Greenhill2015
posterior-454,STATE_21357000,posterior.trees,,sample,bayesian,change,Greenhill2015
posterior-455,STATE_12666000,posterior.trees,,sample,bayesian,change,Greenhill2015
posterior-456,STATE_29641000,posterior.trees,,sample,bayesian,change,Greenhill2015
posterior-457,STATE_22632000,posterior.trees,,sample,bayesian,change,Greenhill2015
posterior-458,STATE_29050000,posterior.trees,,sample,bayesian,change,Greenhill2015
posterior-459,STATE_14940000,posterior.trees,,sample,bayesian,change,Greenhill2015
posterior-460,STATE_14132000,posterior.trees,,sample,bayesian,change,Greenhill2015
posterior-461,STATE_23716000,posterior.trees,,sample,bayesian,change,Greenhill2015
posterior-462,STATE_18676000,posterior.trees,,sample,bayesian,change,Greenhill2015
posterior-463,STATE_28553000,posterior.trees,,sample,bayesian,change,Greenhill2015
posterior-464,STATE_24982000,posterior.trees,,sample,bayesian,change,Greenhill2015
posterior-465,STATE_25206000,posterior.trees,,sample,bayesian,change,Greenhill2015
posterior-466,STATE_23275000,posterior.trees,,sample,bayesian,change,Greenhill2015
posterior-467,STATE_22722000,posterior.trees,,sample,bayesian,change,Greenhill2015
posterior-468,STATE_12302000,posterior.trees,,sample,bayesian,change,Greenhill2015
posterior-469,STATE_14401000,posterior.trees,,sample,bayesian,change,Greenhill2015
posterior-470,STATE_11030000,posterior.trees,,sample,bayesian,change,Greenhill2015
posterior-471,STATE_29329000,posterior.trees,,sample,bayesian,change,Greenhill2015
posterior-472,STATE_21386000,posterior.trees,,sample,bayesian,change,Greenhill2015
posterior-473,STATE_29263000,posterior.trees,,sample,bayesian,change,Greenhill2015
posterior-474,STATE_23096000,posterior.trees,,sample,bayesian,change,Greenhill2015
posterior-475,STATE_24271000,posterior.trees,,sample,bayesian,change,Greenhill2015
posterior-476,STATE_29244000,posterior.trees,,sample,bayesian,change,Greenhill2015
posterior-477,STATE_18225000,posterior.trees,,sample,bayesian,change,Greenhill2015
posterior-478,STATE_25283000,posterior.trees,,sample,bayesian,change,Greenhill2015
posterior-479,STATE_19348000,posterior.trees,,sample,bayesian,change,Greenhill2015
posterior-480,STATE_24145000,posterior.trees,,sample,bayesian,change,Greenhill2015
posterior-481,STATE_14875000,posterior.trees,,sample,bayesian,change,Greenhill2015
posterior-482,STATE_28660000,posterior.trees,,sample,bayesian,change,Greenhill2015
posterior-483,STATE_27222000,posterior.trees,,sample,bayesian,change,Greenhill2015
posterior-484,STATE_21776000,posterior.trees,,sample,bayesian,change,Greenhill2015
posterior-485,STATE_14591000,posterior.trees,,sample,bayesian,change,Greenhill2015
posterior-486,STATE_19972000,posterior.trees,,sample,bayesian,change,Greenhill2015
posterior-487,STATE_25924000,posterior.trees,,sample,bayesian,change,Greenhill2015
posterior-488,STATE_27302000,posterior.trees,,sample,bayesian,change,Greenhill2015
posterior-489,STATE_15956000,posterior.trees,,sample,bayesian,change,Greenhill2015
posterior-490,STATE_11321000,posterior.trees,,sample,bayesian,change,Greenhill2015
posterior-491,STATE_16631000,posterior.trees,,sample,bayesian,change,Greenhill2015
posterior-492,STATE_15272000,posterior.trees,,sample,bayesian,change,Greenhill2015
posterior-493,STATE_13497000,posterior.trees,,sample,bayesian,change,Greenhill2015
posterior-494,STATE_26557000,posterior.trees,,sample,bayesian,change,Greenhill2015
posterior-495,STATE_21520000,posterior.trees,,sample,bayesian,change,Greenhill2015
posterior-496,STATE_15757000,posterior.trees,,sample,bayesian,change,Greenhill2015
posterior-497,STATE_27259000,posterior.trees,,sample,bayesian,change,Greenhill2015
posterior-498,STATE_26988000,posterior.trees,,sample,bayesian,change,Greenhill2015
posterior-499,STATE_19204000,posterior.trees,,sample,bayesian,change,Greenhill2015
posterior-500,STATE_11605000,posterior.trees,,sample,bayesian,change,Greenhill2015
posterior-501,STATE_18139000,posterior.trees,,sample,bayesian,change,Greenhill2015
posterior-502,STATE_21469000,posterior.trees,,sample,bayesian,change,Greenhill2015
posterior-503,STATE_17756000,posterior.trees,,sample,bayesian,change,Greenhill2015
posterior-504,STATE_10449000,posterior.trees,,sample,bayesian,change,Greenhill2015
posterior-505,STATE_12188000,posterior.trees,,sample,bayesian,change,Greenhill2015
posterior-506,STATE_19783000,posterior.trees,,sample,bayesian,change,Greenhill2015
posterior-507,STATE_13193000,posterior.trees,,sample,bayesian,change,Greenhill2015
posterior-508,STATE_18765000,posterior.trees,,sample,bayesian,change,Greenhill2015
posterior-509,STATE_25732000,posterior.trees,,sample,bayesian,change,Greenhill2015
posterior-510,STATE_19565000,posterior.trees,,sample,bayesian,change,Greenhill2015
posterior-511,STATE_18410000,posterior.trees,,sample,bayesian,change,Greenhill2015
posterior-512,STATE_27938000,posterior.trees,,sample,bayesian,change,Greenhill2015
posterior-513,STATE_26179000,posterior.trees,,sample,bayesian,change,Greenhill2015
posterior-514,STATE_10269000,posterior.trees,,sample,bayesian,change,Greenhill2015
posterior-515,STATE_23671000,posterior.trees,,sample,bayesian,change,Greenhill2015
posterior-516,STATE_16858000,posterior.trees,,sample,bayesian,change,Greenhill2015
posterior-517,STATE_17466000,posterior.trees,,sample,bayesian,change,Greenhill2015
posterior-518,STATE_26417000,posterior.trees,,sample,bayesian,change,Greenhill2015
posterior-519,STATE_26118000,posterior.trees,,sample,bayesian,change,Greenhill2015
posterior-520,STATE_23643000,posterior.trees,,sample,bayesian,change,Greenhill2015
posterior-521,STATE_22312000,posterior.trees,,sample,bayesian,change,Greenhill2015
posterior-522,STATE_23948000,posterior.trees,,sample,bayesian,change,Greenhill2015
posterior-523,STATE_11069000,posterior.trees,,sample,bayesian,change,Greenhill2015
posterior-524,STATE_25346000,posterior.trees,,sample,bayesian,change,Greenhill2015
posterior-525,STATE_28300000,posterior.trees,,sample,bayesian,change,Greenhill2015
posterior-526,STATE_13912000,posterior.trees,,sample,bayesian,change,Greenhill2015
posterior-527,STATE_25781000,posterior.trees,,sample,bayesian,change,Greenhill2015
posterior-528,STATE_14680000,posterior.trees,,sample,bayesian,change,Greenhill2015
posterior-529,STATE_11222000,posterior.trees,,sample,bayesian,change,Greenhill2015
posterior-530,STATE_27616000,posterior.trees,,sample,bayesian,change,Greenhill2015
posterior-531,STATE_21997000,posterior.trees,,sample,bayesian,change,Greenhill2015
posterior-532,STATE_12733000,posterior.trees,,sample,bayesian,change,Greenhill2015
posterior-533,STATE_25641000,posterior.trees,,sample,bayesian,change,Greenhill2015
posterior-534,STATE_10766000,posterior.trees,,sample,bayesian,change,Greenhill2015
posterior-535,STATE_23020000,posterior.trees,,sample,bayesian,change,Greenhill2015
posterior-536,STATE_15428000,posterior.trees,,sample,bayesian,change,Greenhill2015
posterior-537,STATE_27871000,posterior.trees,,sample,bayesian,change,Greenhill2015
posterior-538,STATE_23232000,posterior.trees,,sample,bayesian,change,Greenhill2015
posterior-539,STATE_14136000,posterior.trees,,sample,bayesian,change,Greenhill2015
posterior-540,STATE_11117000,posterior.trees,,sample,bayesian,change,Greenhill2015
posterior-541,STATE_17922000,posterior.trees,,sample,bayesian,change,Greenhill2015
posterior-542,STATE_25677000,posterior.trees,,sample,bayesian,change,Greenhill2015
posterior-543,STATE_14397000,posterior.trees,,sample,bayesian,change,Greenhill2015
posterior-544,STATE_28063000,posterior.trees,,sample,bayesian,change,Greenhill2015
posterior-545,STATE_23265000,posterior.trees,,sample,bayesian,change,Greenhill2015
posterior-546,STATE_15634000,posterior.trees,,sample,bayesian,change,Greenhill2015
posterior-547,STATE_24038000,posterior.trees,,sample,bayesian,change,Greenhill2015
posterior-548,STATE_16961000,posterior.trees,,sample,bayesian,change,Greenhill2015
posterior-549,STATE_23644000,posterior.trees,,sample,bayesian,change,Greenhill2015
posterior-550,STATE_20724000,posterior.trees,,sample,bayesian,change,Greenhill2015
posterior-551,STATE_20835000,posterior.trees,,sample,bayesian,change,Greenhill2015
posterior-552,STATE_18199000,posterior.trees,,sample,bayesian,change,Greenhill2015
posterior-553,STATE_11933000,posterior.trees,,sample,bayesian,change,Greenhill2015
posterior-554,STATE_28123000,posterior.trees,,sample,bayesian,change,Greenhill2015
posterior-555,STATE_24350000,posterior.trees,,sample,bayesian,change,Greenhill2015
posterior-556,STATE_27848000,posterior.trees,,sample,bayesian,change,Greenhill2015
posterior-557,STATE_14388000,posterior.trees,,sample,bayesian,change,Greenhill2015
posterior-558,STATE_28692000,posterior.trees,,sample,bayesian,change,Greenhill2015
posterior-559,STATE_14928000,posterior.trees,,sample,bayesian,change,Greenhill2015
posterior-560,STATE_13623000,posterior.trees,,sample,bayesian,change,Greenhill2015
posterior-561,STATE_23703000,posterior.trees,,sample,bayesian,change,Greenhill2015
posterior-562,STATE_10318000,posterior.trees,,sample,bayesian,change,Greenhill2015
posterior-563,STATE_28514000,posterior.trees,,sample,bayesian,change,Greenhill2015
posterior-564,STATE_25180000,posterior.trees,,sample,bayesian,change,Greenhill2015
posterior-565,STATE_14827000,posterior.trees,,sample,bayesian,change,Greenhill2015
posterior-566,STATE_19200000,posterior.trees,,sample,bayesian,change,Greenhill2015
posterior-567,STATE_25288000,posterior.trees,,sample,bayesian,change,Greenhill2015
posterior-568,STATE_19253000,posterior.trees,,sample,bayesian,change,Greenhill2015
posterior-569,STATE_19056000,posterior.trees,,sample,bayesian,change,Greenhill2015
posterior-570,STATE_22792000,posterior.trees,,sample,bayesian,change,Greenhill2015
posterior-571,STATE_21341000,posterior.trees,,sample,bayesian,change,Greenhill2015
posterior-572,STATE_22613000,posterior.trees,,sample,bayesian,change,Greenhill2015
posterior-573,STATE_27839000,posterior.trees,,sample,bayesian,change,Greenhill2015
posterior-574,STATE_22821000,posterior.trees,,sample,bayesian,change,Greenhill2015
posterior-575,STATE_23897000,posterior.trees,,sample,bayesian,change,Greenhill2015
posterior-576,STATE_14353000,posterior.trees,,sample,bayesian,change,Greenhill2015
posterior-577,STATE_19254000,posterior.trees,,sample,bayesian,change,Greenhill2015
posterior-578,STATE_23830000,posterior.trees,,sample,bayesian,change,Greenhill2015
posterior-579,STATE_27745000,posterior.trees,,sample,bayesian,change,Greenhill2015
posterior-580,STATE_12728000,posterior.trees,,sample,bayesian,change,Greenhill2015
posterior-581,STATE_27931000,posterior.trees,,sample,bayesian,change,Greenhill2015
posterior-582,STATE_29134000,posterior.trees,,sample,bayesian,change,Greenhill2015
posterior-583,STATE_27091000,posterior.trees,,sample,bayesian,change,Greenhill2015
posterior-584,STATE_17937000,posterior.trees,,sample,bayesian,change,Greenhill2015
posterior-585,STATE_28717000,posterior.trees,,sample,bayesian,change,Greenhill2015
posterior-586,STATE_22778000,posterior.trees,,sample,bayesian,change,Greenhill2015
posterior-587,STATE_23903000,posterior.trees,,sample,bayesian,change,Greenhill2015
posterior-588,STATE_26458000,posterior.trees,,sample,bayesian,change,Greenhill2015
posterior-589,STATE_12047000,posterior.trees,,sample,bayesian,change,Greenhill2015
posterior-590,STATE_10908000,posterior.trees,,sample,bayesian,change,Greenhill2015
posterior-591,STATE_29687000,posterior.trees,,sample,bayesian,change,Greenhill2015
posterior-592,STATE_28218000,posterior.trees,,sample,bayesian,change,Greenhill2015
posterior-593,STATE_17204000,posterior.trees,,sample,bayesian,change,Greenhill2015
posterior-594,STATE_27535000,posterior.trees,,sample,bayesian,change,Greenhill2015
posterior-595,STATE_19518000,posterior.trees,,sample,bayesian,change,Greenhill2015
posterior-596,STATE_27405000,posterior.trees,,sample,bayesian,change,Greenhill2015
posterior-597,STATE_16338000,posterior.trees,,sample,bayesian,change,Greenhill2015
posterior-598,STATE_10611000,posterior.trees,,sample,bayesian,change,Greenhill2015
posterior-599,STATE_10749000,posterior.trees,,sample,bayesian,change,Greenhill2015
posterior-600,STATE_12017000,posterior.trees,,sample,bayesian,change,Greenhill2015
posterior-601,STATE_26510000,posterior.trees,,sample,bayesian,change,Greenhill2015
posterior-602,STATE_27730000,posterior.trees,,sample,bayesian,change,Greenhill2015
posterior-603,STATE_22087000,posterior.trees,,sample,bayesian,change,Greenhill2015
posterior-604,STATE_28885000,posterior.trees,,sample,bayesian,change,Greenhill2015
posterior-605,STATE_21314000,posterior.trees,,sample,bayesian,change,Greenhill2015
posterior-606,STATE_24896000,posterior.trees,,sample,bayesian,change,Greenhill2015
posterior-607,STATE_28838000,posterior.trees,,sample,bayesian,change,Greenhill2015
posterior-608,STATE_18205000,posterior.trees,,sample,bayesian,change,Greenhill2015
posterior-609,STATE_16259000,posterior.trees,,sample,bayesian,change,Greenhill2015
posterior-610,STATE_21424000,posterior.trees,,sample,bayesian,change,Greenhill2015
posterior-611,STATE_23577000,posterior.trees,,sample,bayesian,change,Greenhill2015
posterior-612,STATE_29205000,posterior.trees,,sample,bayesian,change,Greenhill2015
posterior-613,STATE_21739000,posterior.trees,,sample,bayesian,change,Greenhill2015
posterior-614,STATE_24034000,posterior.trees,,sample,bayesian,change,Greenhill2015
posterior-615,STATE_13270000,posterior.trees,,sample,bayesian,change,Greenhill2015
posterior-616,STATE_12874000,posterior.trees,,sample,bayesian,change,Greenhill2015
posterior-617,STATE_18134000,posterior.trees,,sample,bayesian,change,Greenhill2015
posterior-618,STATE_13986000,posterior.trees,,sample,bayesian,change,Greenhill2015
posterior-619,STATE_12687000,posterior.trees,,sample,bayesian,change,Greenhill2015
posterior-620,STATE_18366000,posterior.trees,,sample,bayesian,change,Greenhill2015
posterior-621,STATE_17060000,posterior.trees,,sample,bayesian,change,Greenhill2015
posterior-622,STATE_28802000,posterior.trees,,sample,bayesian,change,Greenhill2015
posterior-623,STATE_19770000,posterior.trees,,sample,bayesian,change,Greenhill2015
posterior-624,STATE_22664000,posterior.trees,,sample,bayesian,change,Greenhill2015
posterior-625,STATE_16846000,posterior.trees,,sample,bayesian,change,Greenhill2015
posterior-626,STATE_21963000,posterior.trees,,sample,bayesian,change,Greenhill2015
posterior-627,STATE_19976000,posterior.trees,,sample,bayesian,change,Greenhill2015
posterior-628,STATE_16831000,posterior.trees,,sample,bayesian,change,Greenhill2015
posterior-629,STATE_19107000,posterior.trees,,sample,bayesian,change,Greenhill2015
posterior-630,STATE_13345000,posterior.trees,,sample,bayesian,change,Greenhill2015
posterior-631,STATE_28523000,posterior.trees,,sample,bayesian,change,Greenhill2015
posterior-632,STATE_24329000,posterior.trees,,sample,bayesian,change,Greenhill2015
posterior-633,STATE_19581000,posterior.trees,,sample,bayesian,change,Greenhill2015
posterior-634,STATE_16896000,posterior.trees,,sample,bayesian,change,Greenhill2015
posterior-635,STATE_23324000,posterior.trees,,sample,bayesian,change,Greenhill2015
posterior-636,STATE_23087000,posterior.trees,,sample,bayesian,change,Greenhill2015
posterior-637,STATE_24680000,posterior.trees,,sample,bayesian,change,Greenhill2015
posterior-638,STATE_25849000,posterior.trees,,sample,bayesian,change,Greenhill2015
posterior-639,STATE_18862000,posterior.trees,,sample,bayesian,change,Greenhill2015
posterior-640,STATE_13560000,posterior.trees,,sample,bayesian,change,Greenhill2015
posterior-641,STATE_14967000,posterior.trees,,sample,bayesian,change,Greenhill2015
posterior-642,STATE_26855000,posterior.trees,,sample,bayesian,change,Greenhill2015
posterior-643,STATE_24285000,posterior.trees,,sample,bayesian,change,Greenhill2015
posterior-644,STATE_26757000,posterior.trees,,sample,bayesian,change,Greenhill2015
posterior-645,STATE_28605000,posterior.trees,,sample,bayesian,change,Greenhill2015
posterior-646,STATE_13796000,posterior.trees,,sample,bayesian,change,Greenhill2015
posterior-647,STATE_20957000,posterior.trees,,sample,bayesian,change,Greenhill2015
posterior-648,STATE_13434000,posterior.trees,,sample,bayesian,change,Greenhill2015
posterior-649,STATE_12387000,posterior.trees,,sample,bayesian,change,Greenhill2015
posterior-650,STATE_20779000,posterior.trees,,sample,bayesian,change,Greenhill2015
posterior-651,STATE_19556000,posterior.trees,,sample,bayesian,change,Greenhill2015
posterior-652,STATE_18343000,posterior.trees,,sample,bayesian,change,Greenhill2015
posterior-653,STATE_16838000,posterior.trees,,sample,bayesian,change,Greenhill2015
posterior-654,STATE_23936000,posterior.trees,,sample,bayesian,change,Greenhill2015
posterior-655,STATE_18872000,posterior.trees,,sample,bayesian,change,Greenhill2015
posterior-656,STATE_18066000,posterior.trees,,sample,bayesian,change,Greenhill2015
posterior-657,STATE_19954000,posterior.trees,,sample,bayesian,change,Greenhill2015
posterior-658,STATE_25119000,posterior.trees,,sample,bayesian,change,Greenhill2015
posterior-659,STATE_27778000,posterior.trees,,sample,bayesian,change,Greenhill2015
posterior-660,STATE_29911000,posterior.trees,,sample,bayesian,change,Greenhill2015
posterior-661,STATE_26760000,posterior.trees,,sample,bayesian,change,Greenhill2015
posterior-662,STATE_19799000,posterior.trees,,sample,bayesian,change,Greenhill2015
posterior-663,STATE_29175000,posterior.trees,,sample,bayesian,change,Greenhill2015
posterior-664,STATE_23024000,posterior.trees,,sample,bayesian,change,Greenhill2015
posterior-665,STATE_25743000,posterior.trees,,sample,bayesian,change,Greenhill2015
posterior-666,STATE_24729000,posterior.trees,,sample,bayesian,change,Greenhill2015
posterior-667,STATE_23511000,posterior.trees,,sample,bayesian,change,Greenhill2015
posterior-668,STATE_16064000,posterior.trees,,sample,bayesian,change,Greenhill2015
posterior-669,STATE_20231000,posterior.trees,,sample,bayesian,change,Greenhill2015
posterior-670,STATE_27738000,posterior.trees,,sample,bayesian,change,Greenhill2015
posterior-671,STATE_20358000,posterior.trees,,sample,bayesian,change,Greenhill2015
posterior-672,STATE_13149000,posterior.trees,,sample,bayesian,change,Greenhill2015
posterior-673,STATE_29131000,posterior.trees,,sample,bayesian,change,Greenhill2015
posterior-674,STATE_27967000,posterior.trees,,sample,bayesian,change,Greenhill2015
posterior-675,STATE_25510000,posterior.trees,,sample,bayesian,change,Greenhill2015
posterior-676,STATE_15841000,posterior.trees,,sample,bayesian,change,Greenhill2015
posterior-677,STATE_26399000,posterior.trees,,sample,bayesian,change,Greenhill2015
posterior-678,STATE_16660000,posterior.trees,,sample,bayesian,change,Greenhill2015
posterior-679,STATE_27800000,posterior.trees,,sample,bayesian,change,Greenhill2015
posterior-680,STATE_20681000,posterior.trees,,sample,bayesian,change,Greenhill2015
posterior-681,STATE_20128000,posterior.trees,,sample,bayesian,change,Greenhill2015
posterior-682,STATE_16803000,posterior.trees,,sample,bayesian,change,Greenhill2015
posterior-683,STATE_29407000,posterior.trees,,sample,bayesian,change,Greenhill2015
posterior-684,STATE_21841000,posterior.trees,,sample,bayesian,change,Greenhill2015
posterior-685,STATE_23403000,posterior.trees,,sample,bayesian,change,Greenhill2015
posterior-686,STATE_25844000,posterior.trees,,sample,bayesian,change,Greenhill2015
posterior-687,STATE_11446000,posterior.trees,,sample,bayesian,change,Greenhill2015
posterior-688,STATE_22615000,posterior.trees,,sample,bayesian,change,Greenhill2015
posterior-689,STATE_19823000,posterior.trees,,sample,bayesian,change,Greenhill2015
posterior-690,STATE_25564000,posterior.trees,,sample,bayesian,change,Greenhill2015
posterior-691,STATE_17412000,posterior.trees,,sample,bayesian,change,Greenhill2015
posterior-692,STATE_24577000,posterior.trees,,sample,bayesian,change,Greenhill2015
posterior-693,STATE_22784000,posterior.trees,,sample,bayesian,change,Greenhill2015
posterior-694,STATE_19492000,posterior.trees,,sample,bayesian,change,Greenhill2015
posterior-695,STATE_13418000,posterior.trees,,sample,bayesian,change,Greenhill2015
posterior-696,STATE_29570000,posterior.trees,,sample,bayesian,change,Greenhill2015
posterior-697,STATE_12213000,posterior.trees,,sample,bayesian,change,Greenhill2015
posterior-698,STATE_19486000,posterior.trees,,sample,bayesian,change,Greenhill2015
posterior-699,STATE_28184000,posterior.trees,,sample,bayesian,change,Greenhill2015
posterior-700,STATE_17414000,posterior.trees,,sample,bayesian,change,Greenhill2015
posterior-701,STATE_12996000,posterior.trees,,sample,bayesian,change,Greenhill2015
posterior-702,STATE_13830000,posterior.trees,,sample,bayesian,change,Greenhill2015
posterior-703,STATE_14982000,posterior.trees,,sample,bayesian,change,Greenhill2015
posterior-704,STATE_18956000,posterior.trees,,sample,bayesian,change,Greenhill2015
posterior-705,STATE_18808000,posterior.trees,,sample,bayesian,change,Greenhill2015
posterior-706,STATE_13474000,posterior.trees,,sample,bayesian,change,Greenhill2015
posterior-707,STATE_24052000,posterior.trees,,sample,bayesian,change,Greenhill2015
posterior-708,STATE_23609000,posterior.trees,,sample,bayesian,change,Greenhill2015
posterior-709,STATE_29062000,posterior.trees,,sample,bayesian,change,Greenhill2015
posterior-710,STATE_29857000,posterior.trees,,sample,bayesian,change,Greenhill2015
posterior-711,STATE_17207000,posterior.trees,,sample,bayesian,change,Greenhill2015
posterior-712,STATE_28193000,posterior.trees,,sample,bayesian,change,Greenhill2015
posterior-713,STATE_27511000,posterior.trees,,sample,bayesian,change,Greenhill2015
posterior-714,STATE_16512000,posterior.trees,,sample,bayesian,change,Greenhill2015
posterior-715,STATE_19028000,posterior.trees,,sample,bayesian,change,Greenhill2015
posterior-716,STATE_15772000,posterior.trees,,sample,bayesian,change,Greenhill2015
posterior-717,STATE_17424000,posterior.trees,,sample,bayesian,change,Greenhill2015
posterior-718,STATE_22202000,posterior.trees,,sample,bayesian,change,Greenhill2015
posterior-719,STATE_14593000,posterior.trees,,sample,bayesian,change,Greenhill2015
posterior-720,STATE_13246000,posterior.trees,,sample,bayesian,change,Greenhill2015
posterior-721,STATE_11374000,posterior.trees,,sample,bayesian,change,Greenhill2015
posterior-722,STATE_22150000,posterior.trees,,sample,bayesian,change,Greenhill2015
posterior-723,STATE_11049000,posterior.trees,,sample,bayesian,change,Greenhill2015
posterior-724,STATE_26546000,posterior.trees,,sample,bayesian,change,Greenhill2015
posterior-725,STATE_19815000,posterior.trees,,sample,bayesian,change,Greenhill2015
posterior-726,STATE_25018000,posterior.trees,,sample,bayesian,change,Greenhill2015
posterior-727,STATE_28947000,posterior.trees,,sample,bayesian,change,Greenhill2015
posterior-728,STATE_13234000,posterior.trees,,sample,bayesian,change,Greenhill2015
posterior-729,STATE_18563000,posterior.trees,,sample,bayesian,change,Greenhill2015
posterior-730,STATE_28381000,posterior.trees,,sample,bayesian,change,Greenhill2015
posterior-731,STATE_18822000,posterior.trees,,sample,bayesian,change,Greenhill2015
posterior-732,STATE_28822000,posterior.trees,,sample,bayesian,change,Greenhill2015
posterior-733,STATE_10807000,posterior.trees,,sample,bayesian,change,Greenhill2015
posterior-734,STATE_18595000,posterior.trees,,sample,bayesian,change,Greenhill2015
posterior-735,STATE_25452000,posterior.trees,,sample,bayesian,change,Greenhill2015
posterior-736,STATE_17976000,posterior.trees,,sample,bayesian,change,Greenhill2015
posterior-737,STATE_14245000,posterior.trees,,sample,bayesian,change,Greenhill2015
posterior-738,STATE_24942000,posterior.trees,,sample,bayesian,change,Greenhill2015
posterior-739,STATE_23237000,posterior.trees,,sample,bayesian,change,Greenhill2015
posterior-740,STATE_22302000,posterior.trees,,sample,bayesian,change,Greenhill2015
posterior-741,STATE_19886000,posterior.trees,,sample,bayesian,change,Greenhill2015
posterior-742,STATE_22144000,posterior.trees,,sample,bayesian,change,Greenhill2015
posterior-743,STATE_25937000,posterior.trees,,sample,bayesian,change,Greenhill2015
posterior-744,STATE_25697000,posterior.trees,,sample,bayesian,change,Greenhill2015
posterior-745,STATE_14932000,posterior.trees,,sample,bayesian,change,Greenhill2015
posterior-746,STATE_25159000,posterior.trees,,sample,bayesian,change,Greenhill2015
posterior-747,STATE_27428000,posterior.trees,,sample,bayesian,change,Greenhill2015
posterior-748,STATE_14338000,posterior.trees,,sample,bayesian,change,Greenhill2015
posterior-749,STATE_16291000,posterior.trees,,sample,bayesian,change,Greenhill2015
posterior-750,STATE_27015000,posterior.trees,,sample,bayesian,change,Greenhill2015
posterior-751,STATE_19666000,posterior.trees,,sample,bayesian,change,Greenhill2015
posterior-752,STATE_22583000,posterior.trees,,sample,bayesian,change,Greenhill2015
posterior-753,STATE_14594000,posterior.trees,,sample,bayesian,change,Greenhill2015
posterior-754,STATE_24014000,posterior.trees,,sample,bayesian,change,Greenhill2015
posterior-755,STATE_15262000,posterior.trees,,sample,bayesian,change,Greenhill2015
posterior-756,STATE_19892000,posterior.trees,,sample,bayesian,change,Greenhill2015
posterior-757,STATE_26586000,posterior.trees,,sample,bayesian,change,Greenhill2015
posterior-758,STATE_29971000,posterior.trees,,sample,bayesian,change,Greenhill2015
posterior-759,STATE_22993000,posterior.trees,,sample,bayesian,change,Greenhill2015
posterior-760,STATE_18231000,posterior.trees,,sample,bayesian,change,Greenhill2015
posterior-761,STATE_12317000,posterior.trees,,sample,bayesian,change,Greenhill2015
posterior-762,STATE_28440000,posterior.trees,,sample,bayesian,change,Greenhill2015
posterior-763,STATE_11820000,posterior.trees,,sample,bayesian,change,Greenhill2015
posterior-764,STATE_19261000,posterior.trees,,sample,bayesian,change,Greenhill2015
posterior-765,STATE_23604000,posterior.trees,,sample,bayesian,change,Greenhill2015
posterior-766,STATE_22865000,posterior.trees,,sample,bayesian,change,Greenhill2015
posterior-767,STATE_18348000,posterior.trees,,sample,bayesian,change,Greenhill2015
posterior-768,STATE_24337000,posterior.trees,,sample,bayesian,change,Greenhill2015
posterior-769,STATE_20152000,posterior.trees,,sample,bayesian,change,Greenhill2015
posterior-770,STATE_18424000,posterior.trees,,sample,bayesian,change,Greenhill2015
posterior-771,STATE_16676000,posterior.trees,,sample,bayesian,change,Greenhill2015
posterior-772,STATE_29160000,posterior.trees,,sample,bayesian,change,Greenhill2015
posterior-773,STATE_21404000,posterior.trees,,sample,bayesian,change,Greenhill2015
posterior-774,STATE_16882000,posterior.trees,,sample,bayesian,change,Greenhill2015
posterior-775,STATE_18618000,posterior.trees,,sample,bayesian,change,Greenhill2015
posterior-776,STATE_26400000,posterior.trees,,sample,bayesian,change,Greenhill2015
posterior-777,STATE_19736000,posterior.trees,,sample,bayesian,change,Greenhill2015
posterior-778,STATE_25299000,posterior.trees,,sample,bayesian,change,Greenhill2015
posterior-779,STATE_23001000,posterior.trees,,sample,bayesian,change,Greenhill2015
posterior-780,STATE_27922000,posterior.trees,,sample,bayesian,change,Greenhill2015
posterior-781,STATE_19051000,posterior.trees,,sample,bayesian,change,Greenhill2015
posterior-782,STATE_19769000,posterior.trees,,sample,bayesian,change,Greenhill2015
posterior-783,STATE_10858000,posterior.trees,,sample,bayesian,change,Greenhill2015
posterior-784,STATE_21576000,posterior.trees,,sample,bayesian,change,Greenhill2015
posterior-785,STATE_16241000,posterior.trees,,sample,bayesian,change,Greenhill2015
posterior-786,STATE_13153000,posterior.trees,,sample,bayesian,change,Greenhill2015
posterior-787,STATE_18113000,posterior.trees,,sample,bayesian,change,Greenhill2015
posterior-788,STATE_27862000,posterior.trees,,sample,bayesian,change,Greenhill2015
posterior-789,STATE_13562000,posterior.trees,,sample,bayesian,change,Greenhill2015
posterior-790,STATE_13896000,posterior.trees,,sample,bayesian,change,Greenhill2015
posterior-791,STATE_12431000,posterior.trees,,sample,bayesian,change,Greenhill2015
posterior-792,STATE_14079000,posterior.trees,,sample,bayesian,change,Greenhill2015
posterior-793,STATE_21738000,posterior.trees,,sample,bayesian,change,Greenhill2015
posterior-794,STATE_11166000,posterior.trees,,sample,bayesian,change,Greenhill2015
posterior-795,STATE_20522000,posterior.trees,,sample,bayesian,change,Greenhill2015
posterior-796,STATE_16068000,posterior.trees,,sample,bayesian,change,Greenhill2015
posterior-797,STATE_16978000,posterior.trees,,sample,bayesian,change,Greenhill2015
posterior-798,STATE_26493000,posterior.trees,,sample,bayesian,change,Greenhill2015
posterior-799,STATE_14399000,posterior.trees,,sample,bayesian,change,Greenhill2015
posterior-800,STATE_12006000,posterior.trees,,sample,bayesian,change,Greenhill2015
posterior-801,STATE_26584000,posterior.trees,,sample,bayesian,change,Greenhill2015
posterior-802,STATE_10344000,posterior.trees,,sample,bayesian,change,Greenhill2015
posterior-803,STATE_10128000,posterior.trees,,sample,bayesian,change,Greenhill2015
posterior-804,STATE_12356000,posterior.trees,,sample,bayesian,change,Greenhill2015
posterior-805,STATE_24502000,posterior.trees,,sample,bayesian,change,Greenhill2015
posterior-806,STATE_13855000,posterior.trees,,sample,bayesian,change,Greenhill2015
posterior-807,STATE_23606000,posterior.trees,,sample,bayesian,change,Greenhill2015
posterior-808,STATE_23857000,posterior.trees,,sample,bayesian,change,Greenhill2015
posterior-809,STATE_19387000,posterior.trees,,sample,bayesian,change,Greenhill2015
posterior-810,STATE_16250000,posterior.trees,,sample,bayesian,change,Greenhill2015
posterior-811,STATE_22378000,posterior.trees,,sample,bayesian,change,Greenhill2015
posterior-812,STATE_20028000,posterior.trees,,sample,bayesian,change,Greenhill2015
posterior-813,STATE_13194000,posterior.trees,,sample,bayesian,change,Greenhill2015
posterior-814,STATE_26495000,posterior.trees,,sample,bayesian,change,Greenhill2015
posterior-815,STATE_26894000,posterior.trees,,sample,bayesian,change,Greenhill2015
posterior-816,STATE_19211000,posterior.trees,,sample,bayesian,change,Greenhill2015
posterior-817,STATE_12307000,posterior.trees,,sample,bayesian,change,Greenhill2015
posterior-818,STATE_23895000,posterior.trees,,sample,bayesian,change,Greenhill2015
posterior-819,STATE_29032000,posterior.trees,,sample,bayesian,change,Greenhill2015
posterior-820,STATE_27194000,posterior.trees,,sample,bayesian,change,Greenhill2015
posterior-821,STATE_19603000,posterior.trees,,sample,bayesian,change,Greenhill2015
posterior-822,STATE_29084000,posterior.trees,,sample,bayesian,change,Greenhill2015
posterior-823,STATE_17373000,posterior.trees,,sample,bayesian,change,Greenhill2015
posterior-824,STATE_16962000,posterior.trees,,sample,bayesian,change,Greenhill2015
posterior-825,STATE_14884000,posterior.trees,,sample,bayesian,change,Greenhill2015
posterior-826,STATE_14774000,posterior.trees,,sample,bayesian,change,Greenhill2015
posterior-827,STATE_26170000,posterior.trees,,sample,bayesian,change,Greenhill2015
posterior-828,STATE_29259000,posterior.trees,,sample,bayesian,change,Greenhill2015
posterior-829,STATE_10881000,posterior.trees,,sample,bayesian,change,Greenhill2015
posterior-830,STATE_17252000,posterior.trees,,sample,bayesian,change,Greenhill2015
posterior-831,STATE_22501000,posterior.trees,,sample,bayesian,change,Greenhill2015
posterior-832,STATE_26153000,posterior.trees,,sample,bayesian,change,Greenhill2015
posterior-833,STATE_26503000,posterior.trees,,sample,bayesian,change,Greenhill2015
posterior-834,STATE_14710000,posterior.trees,,sample,bayesian,change,Greenhill2015
posterior-835,STATE_15279000,posterior.trees,,sample,bayesian,change,Greenhill2015
posterior-836,STATE_28241000,posterior.trees,,sample,bayesian,change,Greenhill2015
posterior-837,STATE_24948000,posterior.trees,,sample,bayesian,change,Greenhill2015
posterior-838,STATE_10407000,posterior.trees,,sample,bayesian,change,Greenhill2015
posterior-839,STATE_13781000,posterior.trees,,sample,bayesian,change,Greenhill2015
posterior-840,STATE_22833000,posterior.trees,,sample,bayesian,change,Greenhill2015
posterior-841,STATE_16441000,posterior.trees,,sample,bayesian,change,Greenhill2015
posterior-842,STATE_21632000,posterior.trees,,sample,bayesian,change,Greenhill2015
posterior-843,STATE_17776000,posterior.trees,,sample,bayesian,change,Greenhill2015
posterior-844,STATE_29230000,posterior.trees,,sample,bayesian,change,Greenhill2015
posterior-845,STATE_17899000,posterior.trees,,sample,bayesian,change,Greenhill2015
posterior-846,STATE_20287000,posterior.trees,,sample,bayesian,change,Greenhill2015
posterior-847,STATE_10517000,posterior.trees,,sample,bayesian,change,Greenhill2015
posterior-848,STATE_21118000,posterior.trees,,sample,bayesian,change,Greenhill2015
posterior-849,STATE_25579000,posterior.trees,,sample,bayesian,change,Greenhill2015
posterior-850,STATE_26513000,posterior.trees,,sample,bayesian,change,Greenhill2015
posterior-851,STATE_28325000,posterior.trees,,sample,bayesian,change,Greenhill2015
posterior-852,STATE_27022000,posterior.trees,,sample,bayesian,change,Greenhill2015
posterior-853,STATE_14362000,posterior.trees,,sample,bayesian,change,Greenhill2015
posterior-854,STATE_24746000,posterior.trees,,sample,bayesian,change,Greenhill2015
posterior-855,STATE_12265000,posterior.trees,,sample,bayesian,change,Greenhill2015
posterior-856,STATE_11591000,posterior.trees,,sample,bayesian,change,Greenhill2015
posterior-857,STATE_28934000,posterior.trees,,sample,bayesian,change,Greenhill2015
posterior-858,STATE_17223000,posterior.trees,,sample,bayesian,change,Greenhill2015
posterior-859,STATE_23853000,posterior.trees,,sample,bayesian,change,Greenhill2015
posterior-860,STATE_26255000,posterior.trees,,sample,bayesian,change,Greenhill2015
posterior-861,STATE_20890000,posterior.trees,,sample,bayesian,change,Greenhill2015
posterior-862,STATE_28725000,posterior.trees,,sample,bayesian,change,Greenhill2015
posterior-863,STATE_17896000,posterior.trees,,sample,bayesian,change,Greenhill2015
posterior-864,STATE_20418000,posterior.trees,,sample,bayesian,change,Greenhill2015
posterior-865,STATE_21387000,posterior.trees,,sample,bayesian,change,Greenhill2015
posterior-866,STATE_12667000,posterior.trees,,sample,bayesian,change,Greenhill2015
posterior-867,STATE_27894000,posterior.trees,,sample,bayesian,change,Greenhill2015
posterior-868,STATE_17957000,posterior.trees,,sample,bayesian,change,Greenhill2015
posterior-869,STATE_23042000,posterior.trees,,sample,bayesian,change,Greenhill2015
posterior-870,STATE_12528000,posterior.trees,,sample,bayesian,change,Greenhill2015
posterior-871,STATE_18608000,posterior.trees,,sample,bayesian,change,Greenhill2015
posterior-872,STATE_11623000,posterior.trees,,sample,bayesian,change,Greenhill2015
posterior-873,STATE_14619000,posterior.trees,,sample,bayesian,change,Greenhill2015
posterior-874,STATE_11230000,posterior.trees,,sample,bayesian,change,Greenhill2015
posterior-875,STATE_21890000,posterior.trees,,sample,bayesian,change,Greenhill2015
posterior-876,STATE_26324000,posterior.trees,,sample,bayesian,change,Greenhill2015
posterior-877,STATE_29562000,posterior.trees,,sample,bayesian,change,Greenhill2015
posterior-878,STATE_15820000,posterior.trees,,sample,bayesian,change,Greenhill2015
posterior-879,STATE_20275000,posterior.trees,,sample,bayesian,change,Greenhill2015
posterior-880,STATE_16926000,posterior.trees,,sample,bayesian,change,Greenhill2015
posterior-881,STATE_19083000,posterior.trees,,sample,bayesian,change,Greenhill2015
posterior-882,STATE_23815000,posterior.trees,,sample,bayesian,change,Greenhill2015
posterior-883,STATE_29213000,posterior.trees,,sample,bayesian,change,Greenhill2015
posterior-884,STATE_19330000,posterior.trees,,sample,bayesian,change,Greenhill2015
posterior-885,STATE_26432000,posterior.trees,,sample,bayesian,change,Greenhill2015
posterior-886,STATE_15829000,posterior.trees,,sample,bayesian,change,Greenhill2015
posterior-887,STATE_18164000,posterior.trees,,sample,bayesian,change,Greenhill2015
posterior-888,STATE_22509000,posterior.trees,,sample,bayesian,change,Greenhill2015
posterior-889,STATE_10462000,posterior.trees,,sample,bayesian,change,Greenhill2015
posterior-890,STATE_21926000,posterior.trees,,sample,bayesian,change,Greenhill2015
posterior-891,STATE_12893000,posterior.trees,,sample,bayesian,change,Greenhill2015
posterior-892,STATE_14321000,posterior.trees,,sample,bayesian,change,Greenhill2015
posterior-893,STATE_10343000,posterior.trees,,sample,bayesian,change,Greenhill2015
posterior-894,STATE_28436000,posterior.trees,,sample,bayesian,change,Greenhill2015
posterior-895,STATE_23272000,posterior.trees,,sample,bayesian,change,Greenhill2015
posterior-896,STATE_12094000,posterior.trees,,sample,bayesian,change,Greenhill2015
posterior-897,STATE_29047000,posterior.trees,,sample,bayesian,change,Greenhill2015
posterior-898,STATE_17349000,posterior.trees,,sample,bayesian,change,Greenhill2015
posterior-899,STATE_13646000,posterior.trees,,sample,bayesian,change,Greenhill2015
posterior-900,STATE_16538000,posterior.trees,,sample,bayesian,change,Greenhill2015
posterior-901,STATE_13367000,posterior.trees,,sample,bayesian,change,Greenhill2015
posterior-902,STATE_25831000,posterior.trees,,sample,bayesian,change,Greenhill2015
posterior-903,STATE_10454000,posterior.trees,,sample,bayesian,change,Greenhill2015
posterior-904,STATE_15199000,posterior.trees,,sample,bayesian,change,Greenhill2015
posterior-905,STATE_29297000,posterior.trees,,sample,bayesian,change,Greenhill2015
posterior-906,STATE_16567000,posterior.trees,,sample,bayesian,change,Greenhill2015
posterior-907,STATE_29247000,posterior.trees,,sample,bayesian,change,Greenhill2015
posterior-908,STATE_17615000,posterior.trees,,sample,bayesian,change,Greenhill2015
posterior-909,STATE_14554000,posterior.trees,,sample,bayesian,change,Greenhill2015
posterior-910,STATE_19731000,posterior.trees,,sample,bayesian,change,Greenhill2015
posterior-911,STATE_18254000,posterior.trees,,sample,bayesian,change,Greenhill2015
posterior-912,STATE_15825000,posterior.trees,,sample,bayesian,change,Greenhill2015
posterior-913,STATE_23988000,posterior.trees,,sample,bayesian,change,Greenhill2015
posterior-914,STATE_15616000,posterior.trees,,sample,bayesian,change,Greenhill2015
posterior-915,STATE_19258000,posterior.trees,,sample,bayesian,change,Greenhill2015
posterior-916,STATE_19904000,posterior.trees,,sample,bayesian,change,Greenhill2015
posterior-917,STATE_16407000,posterior.trees,,sample,bayesian,change,Greenhill2015
posterior-918,STATE_24284000,posterior.trees,,sample,bayesian,change,Greenhill2015
posterior-919,STATE_12352000,posterior.trees,,sample,bayesian,change,Greenhill2015
posterior-920,STATE_25071000,posterior.trees,,sample,bayesian,change,Greenhill2015
posterior-921,STATE_14633000,posterior.trees,,sample,bayesian,change,Greenhill2015
posterior-922,STATE_19327000,posterior.trees,,sample,bayesian,change,Greenhill2015
posterior-923,STATE_28951000,posterior.trees,,sample,bayesian,change,Greenhill2015
posterior-924,STATE_12198000,posterior.trees,,sample,bayesian,change,Greenhill2015
posterior-925,STATE_22853000,posterior.trees,,sample,bayesian,change,Greenhill2015
posterior-926,STATE_23517000,posterior.trees,,sample,bayesian,change,Greenhill2015
posterior-927,STATE_19724000,posterior.trees,,sample,bayesian,change,Greenhill2015
posterior-928,STATE_10148000,posterior.trees,,sample,bayesian,change,Greenhill2015
posterior-929,STATE_16786000,posterior.trees,,sample,bayesian,change,Greenhill2015
posterior-930,STATE_14134000,posterior.trees,,sample,bayesian,change,Greenhill2015
posterior-931,STATE_27785000,posterior.trees,,sample,bayesian,change,Greenhill2015
posterior-932,STATE_24678000,posterior.trees,,sample,bayesian,change,Greenhill2015
posterior-933,STATE_27062000,posterior.trees,,sample,bayesian,change,Greenhill2015
posterior-934,STATE_20708000,posterior.trees,,sample,bayesian,change,Greenhill2015
posterior-935,STATE_28765000,posterior.trees,,sample,bayesian,change,Greenhill2015
posterior-936,STATE_14309000,posterior.trees,,sample,bayesian,change,Greenhill2015
posterior-937,STATE_13335000,posterior.trees,,sample,bayesian,change,Greenhill2015
posterior-938,STATE_20372000,posterior.trees,,sample,bayesian,change,Greenhill2015
posterior-939,STATE_27691000,posterior.trees,,sample,bayesian,change,Greenhill2015
posterior-940,STATE_24952000,posterior.trees,,sample,bayesian,change,Greenhill2015
posterior-941,STATE_10947000,posterior.trees,,sample,bayesian,change,Greenhill2015
posterior-942,STATE_27341000,posterior.trees,,sample,bayesian,change,Greenhill2015
posterior-943,STATE_20404000,posterior.trees,,sample,bayesian,change,Greenhill2015
posterior-944,STATE_14831000,posterior.trees,,sample,bayesian,change,Greenhill2015
posterior-945,STATE_26113000,posterior.trees,,sample,bayesian,change,Greenhill2015
posterior-946,STATE_12412000,posterior.trees,,sample,bayesian,change,Greenhill2015
posterior-947,STATE_20409000,posterior.trees,,sample,bayesian,change,Greenhill2015
posterior-948,STATE_24353000,posterior.trees,,sample,bayesian,change,Greenhill2015
posterior-949,STATE_22473000,posterior.trees,,sample,bayesian,change,Greenhill2015
posterior-950,STATE_25835000,posterior.trees,,sample,bayesian,change,Greenhill2015
posterior-951,STATE_11071000,posterior.trees,,sample,bayesian,change,Greenhill2015
posterior-952,STATE_23171000,posterior.trees,,sample,bayesian,change,Greenhill2015
posterior-953,STATE_10812000,posterior.trees,,sample,bayesian,change,Greenhill2015
posterior-954,STATE_24426000,posterior.trees,,sample,bayesian,change,Greenhill2015
posterior-955,STATE_29006000,posterior.trees,,sample,bayesian,change,Greenhill2015
posterior-956,STATE_21851000,posterior.trees,,sample,bayesian,change,Greenhill2015
posterior-957,STATE_24018000,posterior.trees,,sample,bayesian,change,Greenhill2015
posterior-958,STATE_20250000,posterior.trees,,sample,bayesian,change,Greenhill2015
posterior-959,STATE_23680000,posterior.trees,,sample,bayesian,change,Greenhill2015
posterior-960,STATE_20371000,posterior.trees,,sample,bayesian,change,Greenhill2015
posterior-961,STATE_25804000,posterior.trees,,sample,bayesian,change,Greenhill2015
posterior-962,STATE_12816000,posterior.trees,,sample,bayesian,change,Greenhill2015
posterior-963,STATE_26968000,posterior.trees,,sample,bayesian,change,Greenhill2015
posterior-964,STATE_14988000,posterior.trees,,sample,bayesian,change,Greenhill2015
posterior-965,STATE_16228000,posterior.trees,,sample,bayesian,change,Greenhill2015
posterior-966,STATE_10192000,posterior.trees,,sample,bayesian,change,Greenhill2015
posterior-967,STATE_18990000,posterior.trees,,sample,bayesian,change,Greenhill2015
posterior-968,STATE_14964000,posterior.trees,,sample,bayesian,change,Greenhill2015
posterior-969,STATE_16828000,posterior.trees,,sample,bayesian,change,Greenhill2015
posterior-970,STATE_25128000,posterior.trees,,sample,bayesian,change,Greenhill2015
posterior-971,STATE_28487000,posterior.trees,,sample,bayesian,change,Greenhill2015
posterior-972,STATE_19778000,posterior.trees,,sample,bayesian,change,Greenhill2015
posterior-973,STATE_17661000,posterior.trees,,sample,bayesian,change,Greenhill2015
posterior-974,STATE_25431000,posterior.trees,,sample,bayesian,change,Greenhill2015
posterior-975,STATE_24916000,posterior.trees,,sample,bayesian,change,Greenhill2015
posterior-976,STATE_13127000,posterior.trees,,sample,bayesian,change,Greenhill2015
posterior-977,STATE_24648000,posterior.trees,,sample,bayesian,change,Greenhill2015
posterior-978,STATE_10740000,posterior.trees,,sample,bayesian,change,Greenhill2015
posterior-979,STATE_10738000,posterior.trees,,sample,bayesian,change,Greenhill2015
posterior-980,STATE_17603000,posterior.trees,,sample,bayesian,change,Greenhill2015
posterior-981,STATE_26051000,posterior.trees,,sample,bayesian,change,Greenhill2015
posterior-982,STATE_10633000,posterior.trees,,sample,bayesian,change,Greenhill2015
posterior-983,STATE_15640000,posterior.trees,,sample,bayesian,change,Greenhill2015
posterior-984,STATE_15019000,posterior.trees,,sample,bayesian,change,Greenhill2015
posterior-985,STATE_25315000,posterior.trees,,sample,bayesian,change,Greenhill2015
posterior-986,STATE_16220000,posterior.trees,,sample,bayesian,change,Greenhill2015
posterior-987,STATE_15149000,posterior.trees,,sample,bayesian,change,Greenhill2015
posterior-988,STATE_22994000,posterior.trees,,sample,bayesian,change,Greenhill2015
posterior-989,STATE_23923000,posterior.trees,,sample,bayesian,change,Greenhill2015
posterior-990,STATE_19516000,posterior.trees,,sample,bayesian,change,Greenhill2015
posterior-991,STATE_10793000,posterior.trees,,sample,bayesian,change,Greenhill2015
posterior-992,STATE_16993000,posterior.trees,,sample,bayesian,change,Greenhill2015
posterior-993,STATE_12468000,posterior.trees,,sample,bayesian,change,Greenhill2015
posterior-994,STATE_19496000,posterior.trees,,sample,bayesian,change,Greenhill2015
posterior-995,STATE_11253000,posterior.trees,,sample,bayesian,change,Greenhill2015
posterior-996,STATE_14221000,posterior.trees,,sample,bayesian,change,Greenhill2015
posterior-997,STATE_19014000,posterior.trees,,sample,bayesian,change,Greenhill2015
posterior-998,STATE_20112000,posterior.trees,,sample,bayesian,change,Greenhill2015
posterior-999,STATE_28961000,posterior.trees,,sample,bayesian,change,Greenhill2015
posterior-1000,STATE_27188000,posterior.trees,,sample,bayesian,change,Greenhill2015
